year_quarter,fleet,species,catch
1952,LL,BET,8452.356
1952,LL,SKJ,0
1952.25,LL,BET,4184.722
1952.25,LL,SKJ,0
1952.5,LL,BET,2331.524
1952.5,LL,SKJ,0
1952.75,LL,BET,12050.068
1952.75,LL,SKJ,0
1953,LL,BET,17747.657
1953,LL,SKJ,0
1953.25,LL,BET,3563.843
1953.25,LL,SKJ,0
1953.5,LL,BET,4446.497
1953.5,LL,SKJ,0
1953.75,LL,BET,10100.908
1953.75,LL,SKJ,0
1954,LL,BET,4880.588
1954,LL,SKJ,0
1954.25,LL,BET,2110.55
1954.25,LL,SKJ,0
1954.5,LL,BET,878.133
1954.5,LL,SKJ,0
1954.75,LL,BET,4394.255
1954.75,LL,SKJ,0
1955,LL,BET,7974.45
1955,LL,SKJ,0
1955.25,LL,BET,2948.71
1955.25,LL,SKJ,0
1955.5,LL,BET,1407.101
1955.5,LL,SKJ,0
1955.75,LL,BET,7529.892
1955.75,LL,SKJ,0
1956,LL,BET,11757.935
1956,LL,SKJ,0
1956.25,LL,BET,2172.024
1956.25,LL,SKJ,0
1956.5,LL,BET,1798.018
1956.5,LL,SKJ,0
1956.75,LL,BET,8936.935
1956.75,LL,SKJ,0
1957,LL,BET,15748.627
1957,LL,SKJ,0
1957.25,LL,BET,3727.1749999999997
1957.25,LL,SKJ,0
1957.5,LL,BET,3968.015
1957.5,LL,SKJ,0
1957.75,LL,BET,15050.536
1957.75,LL,SKJ,0
1958,LL,BET,24908.888
1958,LL,SKJ,0
1958.25,LL,BET,10490.261
1958.25,LL,SKJ,0
1958.5,LL,BET,7421.546
1958.5,LL,SKJ,0
1958.75,LL,BET,17740.969
1958.75,LL,SKJ,0
1959,LL,BET,22437.442
1959,LL,SKJ,0
1959.25,LL,BET,9255.607
1959.25,LL,SKJ,0
1959.5,LL,BET,5536.7789999999995
1959.5,LL,SKJ,0
1959.75,LL,BET,15277.02
1959.75,LL,SKJ,0
1960,LL,BET,22335.941
1960,LL,SKJ,0
1960.25,LL,BET,6716.29
1960.25,LL,SKJ,0
1960.5,LL,BET,4940.778
1960.5,LL,SKJ,0
1960.75,LL,BET,11110.336
1960.75,LL,SKJ,0
1961,LL,BET,15729.282
1961,LL,SKJ,0
1961.25,LL,BET,8785.487
1961.25,LL,SKJ,0
1961.5,LL,BET,7212.524
1961.5,LL,SKJ,0
1961.75,LL,BET,9109.626
1961.75,LL,SKJ,0
1962,LL,BET,17031.262000000002
1962,LL,SKJ,0
1962.25,LL,BET,10757.241
1962.25,LL,SKJ,0
1962.5,LL,BET,8116.843
1962.5,LL,SKJ,0
1962.75,LL,BET,9823.566
1962.75,LL,SKJ,0
1963,LL,BET,18686.781
1963,LL,SKJ,0
1963.25,LL,BET,12001.459
1963.25,LL,SKJ,0
1963.5,LL,BET,6278.111
1963.5,LL,SKJ,0
1963.75,LL,BET,13807.415
1963.75,LL,SKJ,0
1964,LL,BET,15828.084
1964,LL,SKJ,0
1964.25,LL,BET,8507.393
1964.25,LL,SKJ,0
1964.5,LL,BET,4562.012
1964.5,LL,SKJ,0
1964.75,LL,BET,6747.044
1964.75,LL,SKJ,0
1965,LL,BET,10869.882
1965,LL,SKJ,0
1965.25,LL,BET,7578.831
1965.25,LL,SKJ,0
1965.5,LL,BET,6755.37
1965.5,LL,SKJ,0
1965.75,LL,BET,8743.277
1965.75,LL,SKJ,0
1966,LL,BET,10050.643
1966,LL,SKJ,0
1966.25,LL,BET,7700.847
1966.25,LL,SKJ,0
1966.5,LL,BET,6439.573
1966.5,LL,SKJ,0
1966.75,LL,BET,10552.708
1966.75,LL,SKJ,0
1967,LL,BET,12664.204
1967,LL,SKJ,0
1967.25,LL,BET,8201.108
1967.25,LL,SKJ,0
1967.5,LL,BET,6016.952
1967.5,LL,SKJ,0
1967.75,LL,BET,9119.765
1967.75,LL,SKJ,0
1968,LL,BET,8356.181
1968,LL,SKJ,0
1968.25,LL,BET,6912.6
1968.25,LL,SKJ,0
1968.5,LL,BET,4329.477
1968.5,LL,SKJ,0
1968.75,LL,BET,7009.187
1968.75,LL,SKJ,0
1969,LL,BET,12800.097
1969,LL,SKJ,0
1969.25,LL,BET,7930.149
1969.25,LL,SKJ,0
1969.5,LL,BET,5236.993
1969.5,LL,SKJ,0
1969.75,LL,BET,9593.526
1969.75,LL,SKJ,0
1970,LL,BET,10356.88
1970,LL,SKJ,0
1970.25,LL,BET,7035.842
1970.25,LL,SKJ,0
1970.5,LL,BET,4939.327
1970.5,LL,SKJ,0
1970.75,LL,BET,9060.371
1970.75,LL,SKJ,0
1971,LL,BET,11134.875
1971,LL,SKJ,0
1971.25,LL,BET,6832.146
1971.25,LL,SKJ,0
1971.5,LL,BET,4880.012
1971.5,LL,SKJ,0
1971.75,LL,BET,7800.586
1971.75,LL,SKJ,0
1972,LL,BET,12669.208
1972,LL,SKJ,0
1972.25,LL,BET,10590.762
1972.25,LL,SKJ,0
1972.5,LL,BET,9292.614
1972.5,LL,SKJ,0
1972.75,LL,BET,10075.755
1972.75,LL,SKJ,0
1973,LL,BET,14549.739
1973,LL,SKJ,0
1973.25,LL,BET,8097.489
1973.25,LL,SKJ,0
1973.5,LL,BET,5984.9130000000005
1973.5,LL,SKJ,0
1973.75,LL,BET,7841.618
1973.75,LL,SKJ,0
1974,LL,BET,11347.066
1974,LL,SKJ,0
1974.25,LL,BET,10256.594000000001
1974.25,LL,SKJ,0
1974.5,LL,BET,7182.883
1974.5,LL,SKJ,0
1974.75,LL,BET,10039.982
1974.75,LL,SKJ,0
1975,LL,BET,14335.948
1975,LL,SKJ,0
1975.25,LL,BET,9036.529
1975.25,LL,SKJ,0
1975.5,LL,BET,11143.648
1975.5,LL,SKJ,0
1975.75,LL,BET,17908.907
1975.75,LL,SKJ,0
1976,LL,BET,13521.129
1976,LL,SKJ,0
1976.25,LL,BET,12747.225
1976.25,LL,SKJ,0
1976.5,LL,BET,10572.179
1976.5,LL,SKJ,0
1976.75,LL,BET,14149.895
1976.75,LL,SKJ,0
1977,LL,BET,14873.903
1977,LL,SKJ,0
1977.25,LL,BET,12216.44
1977.25,LL,SKJ,0
1977.5,LL,BET,8900.062
1977.5,LL,SKJ,0
1977.75,LL,BET,12798.361
1977.75,LL,SKJ,0
1978,LL,BET,13344.864
1978,LL,SKJ,0
1978.25,LL,BET,9285.372
1978.25,LL,SKJ,0
1978.5,LL,BET,7467.309
1978.5,LL,SKJ,0
1978.75,LL,BET,12526.236
1978.75,LL,SKJ,0
1979,LL,BET,14251.373
1979,LL,SKJ,0
1979.25,LL,BET,11586.336
1979.25,LL,SKJ,0
1979.5,LL,BET,11929.599
1979.5,LL,SKJ,0
1979.75,LL,BET,12748.867
1979.75,LL,SKJ,0
1980,LL,BET,17038.578
1980,LL,SKJ,0
1980.25,LL,BET,11462.212
1980.25,LL,SKJ,0
1980.5,LL,BET,11369.781
1980.5,LL,SKJ,0
1980.75,LL,BET,9860.81
1980.75,LL,SKJ,0
1981,LL,BET,10889.971
1981,LL,SKJ,0
1981.25,LL,BET,10129.455
1981.25,LL,SKJ,0
1981.5,LL,BET,8083.909
1981.5,LL,SKJ,0
1981.75,LL,BET,8245.636
1981.75,LL,SKJ,0
1982,LL,BET,11232.84
1982,LL,SKJ,0
1982.25,LL,BET,9515.237000000001
1982.25,LL,SKJ,0
1982.5,LL,BET,8483.591
1982.5,LL,SKJ,0
1982.75,LL,BET,9453.103
1982.75,LL,SKJ,0
1983,LL,BET,12846.22
1983,LL,SKJ,0
1983.25,LL,BET,8317.646
1983.25,LL,SKJ,0
1983.5,LL,BET,6401.034
1983.5,LL,SKJ,0
1983.75,LL,BET,9106.735
1983.75,LL,SKJ,0
1984,LL,BET,13888.618
1984,LL,SKJ,0
1984.25,LL,BET,9673.468
1984.25,LL,SKJ,0
1984.5,LL,BET,11195.984
1984.5,LL,SKJ,0
1984.75,LL,BET,11048.525
1984.75,LL,SKJ,0
1985,LL,BET,16452.258
1985,LL,SKJ,0
1985.25,LL,BET,12892.91
1985.25,LL,SKJ,0
1985.5,LL,BET,11567.603
1985.5,LL,SKJ,0
1985.75,LL,BET,11481.381
1985.75,LL,SKJ,0
1986,LL,BET,11930.658
1986,LL,SKJ,0
1986.25,LL,BET,9564.769
1986.25,LL,SKJ,0
1986.5,LL,BET,8708.866
1986.5,LL,SKJ,0
1986.75,LL,BET,9138.916
1986.75,LL,SKJ,0
1987,LL,BET,16034.530999999999
1987,LL,SKJ,0
1987.25,LL,BET,12306.468
1987.25,LL,SKJ,0
1987.5,LL,BET,11797.16
1987.5,LL,SKJ,0
1987.75,LL,BET,10978.453
1987.75,LL,SKJ,0
1988,LL,BET,16892.358
1988,LL,SKJ,0
1988.25,LL,BET,10928.692000000001
1988.25,LL,SKJ,0
1988.5,LL,BET,10141.766
1988.5,LL,SKJ,0
1988.75,LL,BET,10757.026
1988.75,LL,SKJ,0
1989,LL,BET,14298.63
1989,LL,SKJ,0
1989.25,LL,BET,11929.903
1989.25,LL,SKJ,0
1989.5,LL,BET,10489.018
1989.5,LL,SKJ,0
1989.75,LL,BET,14270.244
1989.75,LL,SKJ,0
1990,LL,BET,17798.186
1990,LL,SKJ,0
1990.25,LL,BET,12342.201
1990.25,LL,SKJ,0
1990.5,LL,BET,15311.692
1990.5,LL,SKJ,0
1990.75,LL,BET,12597.876
1990.75,LL,SKJ,0
1991,LL,BET,13858.464
1991,LL,SKJ,0
1991.25,LL,BET,11103.462
1991.25,LL,SKJ,0
1991.5,LL,BET,9798.768
1991.5,LL,SKJ,0
1991.75,LL,BET,9891.001
1991.75,LL,SKJ,0
1992,LL,BET,16874.593
1992,LL,SKJ,0
1992.25,LL,BET,13615.06
1992.25,LL,SKJ,0
1992.5,LL,BET,12831.865
1992.5,LL,SKJ,0
1992.75,LL,BET,12289.156
1992.75,LL,SKJ,0
1993,LL,BET,14238.593
1993,LL,SKJ,0
1993.25,LL,BET,12903.465
1993.25,LL,SKJ,0
1993.5,LL,BET,14821.566
1993.5,LL,SKJ,0
1993.75,LL,BET,11839.14
1993.75,LL,SKJ,0
1994,LL,BET,14410.687
1994,LL,SKJ,0
1994.25,LL,BET,14712.337
1994.25,LL,SKJ,0
1994.5,LL,BET,18596.394
1994.5,LL,SKJ,0
1994.75,LL,BET,18138.995
1994.75,LL,SKJ,0
1995,LL,BET,17296.864
1995,LL,SKJ,0
1995.25,LL,BET,14429.598
1995.25,LL,SKJ,0
1995.5,LL,BET,12917.935
1995.5,LL,SKJ,0
1995.75,LL,BET,13212.635
1995.75,LL,SKJ,0
1996,LL,BET,12547.948
1996,LL,SKJ,0
1996.25,LL,BET,12117.034
1996.25,LL,SKJ,0
1996.5,LL,BET,11190.915
1996.5,LL,SKJ,0
1996.75,LL,BET,11912.849
1996.75,LL,SKJ,0
1997,LL,BET,11617.248
1997,LL,SKJ,0
1997.25,LL,BET,12117.448
1997.25,LL,SKJ,0
1997.5,LL,BET,15551.314
1997.5,LL,SKJ,0
1997.75,LL,BET,17637.417
1997.75,LL,SKJ,0
1998,LL,BET,19785.325
1998,LL,SKJ,0
1998.25,LL,BET,17506.43
1998.25,LL,SKJ,0
1998.5,LL,BET,15920.963
1998.5,LL,SKJ,0
1998.75,LL,BET,16169.051
1998.75,LL,SKJ,0
1999,LL,BET,15896.24
1999,LL,SKJ,0
1999.25,LL,BET,17159.583
1999.25,LL,SKJ,0
1999.5,LL,BET,18221.532
1999.5,LL,SKJ,0
1999.75,LL,BET,16457.379
1999.75,LL,SKJ,0
2000,LL,BET,16094.733
2000,LL,SKJ,0
2000.25,LL,BET,16891.486
2000.25,LL,SKJ,0
2000.5,LL,BET,19809.549
2000.5,LL,SKJ,0
2000.75,LL,BET,12571.139
2000.75,LL,SKJ,0
2001,LL,BET,15233.251
2001,LL,SKJ,0
2001.25,LL,BET,15684.505
2001.25,LL,SKJ,0
2001.5,LL,BET,15070.045
2001.5,LL,SKJ,0
2001.75,LL,BET,13331.573
2001.75,LL,SKJ,0
2002,LL,BET,14624.962
2002,LL,SKJ,0
2002.25,LL,BET,19825.005
2002.25,LL,SKJ,0
2002.5,LL,BET,23675.283
2002.5,LL,SKJ,0
2002.75,LL,BET,20567.863
2002.75,LL,SKJ,0
2003,LL,BET,20195.247
2003,LL,SKJ,0
2003.25,LL,BET,15885.026
2003.25,LL,SKJ,0
2003.5,LL,BET,15100.286
2003.5,LL,SKJ,0
2003.75,LL,BET,14558.372
2003.75,LL,SKJ,0
2004,LL,BET,16716.632
2004,LL,SKJ,0
2004.25,LL,BET,21096.582
2004.25,LL,SKJ,0
2004.5,LL,BET,24853.873
2004.5,LL,SKJ,0
2004.75,LL,BET,22327.418
2004.75,LL,SKJ,0
2005,LL,BET,19817.511
2005,LL,SKJ,0
2005.25,LL,BET,14977.742
2005.25,LL,SKJ,0
2005.5,LL,BET,17197.591
2005.5,LL,SKJ,0
2005.75,LL,BET,19654.164
2005.75,LL,SKJ,0
2006,LL,BET,16668.052
2006,LL,SKJ,0
2006.25,LL,BET,19449.224
2006.25,LL,SKJ,0
2006.5,LL,BET,20629.863
2006.5,LL,SKJ,0
2006.75,LL,BET,21456.818
2006.75,LL,SKJ,0
2007,LL,BET,18310.043
2007,LL,SKJ,0
2007.25,LL,BET,17592.267
2007.25,LL,SKJ,0
2007.5,LL,BET,19644.051
2007.5,LL,SKJ,0
2007.75,LL,BET,19136.848
2007.75,LL,SKJ,0
2008,LL,BET,18620.091
2008,LL,SKJ,0
2008.25,LL,BET,17001.549
2008.25,LL,SKJ,0
2008.5,LL,BET,17212.49
2008.5,LL,SKJ,0
2008.75,LL,BET,20738.508
2008.75,LL,SKJ,0
2009,LL,BET,16258.247
2009,LL,SKJ,0
2009.25,LL,BET,16383.59
2009.25,LL,SKJ,0
2009.5,LL,BET,17977.307
2009.5,LL,SKJ,0
2009.75,LL,BET,20433.773
2009.75,LL,SKJ,0
2010,LL,BET,16533.813
2010,LL,SKJ,0
2010.25,LL,BET,13929.812
2010.25,LL,SKJ,0
2010.5,LL,BET,13742.302
2010.5,LL,SKJ,0
2010.75,LL,BET,15690.398
2010.75,LL,SKJ,0
2011,LL,BET,14660.763
2011,LL,SKJ,0
2011.25,LL,BET,17589.039
2011.25,LL,SKJ,0
2011.5,LL,BET,16756.529
2011.5,LL,SKJ,0
2011.75,LL,BET,20164.918
2011.75,LL,SKJ,0
2012,LL,BET,17550.236
2012,LL,SKJ,0
2012.25,LL,BET,20064.717
2012.25,LL,SKJ,0
2012.5,LL,BET,18059.194
2012.5,LL,SKJ,0
2012.75,LL,BET,18009.417
2012.75,LL,SKJ,0
1952,PL,BET,0
1952,PL,SKJ,0
1952.25,PL,BET,0
1952.25,PL,SKJ,0
1952.5,PL,BET,0
1952.5,PL,SKJ,0
1952.75,PL,BET,0
1952.75,PL,SKJ,0
1953,PL,BET,0
1953,PL,SKJ,0
1953.25,PL,BET,0
1953.25,PL,SKJ,0
1953.5,PL,BET,0
1953.5,PL,SKJ,0
1953.75,PL,BET,0
1953.75,PL,SKJ,0
1954,PL,BET,0
1954,PL,SKJ,0
1954.25,PL,BET,0
1954.25,PL,SKJ,0
1954.5,PL,BET,0
1954.5,PL,SKJ,0
1954.75,PL,BET,0
1954.75,PL,SKJ,0
1955,PL,BET,0
1955,PL,SKJ,0
1955.25,PL,BET,0
1955.25,PL,SKJ,0
1955.5,PL,BET,0
1955.5,PL,SKJ,0
1955.75,PL,BET,0
1955.75,PL,SKJ,0
1956,PL,BET,0
1956,PL,SKJ,0
1956.25,PL,BET,0
1956.25,PL,SKJ,0
1956.5,PL,BET,0
1956.5,PL,SKJ,0
1956.75,PL,BET,0
1956.75,PL,SKJ,0
1957,PL,BET,0
1957,PL,SKJ,0
1957.25,PL,BET,0
1957.25,PL,SKJ,0
1957.5,PL,BET,0
1957.5,PL,SKJ,0
1957.75,PL,BET,0
1957.75,PL,SKJ,0
1958,PL,BET,0
1958,PL,SKJ,0
1958.25,PL,BET,0
1958.25,PL,SKJ,0
1958.5,PL,BET,0
1958.5,PL,SKJ,0
1958.75,PL,BET,0
1958.75,PL,SKJ,0
1959,PL,BET,0
1959,PL,SKJ,0
1959.25,PL,BET,0
1959.25,PL,SKJ,0
1959.5,PL,BET,0
1959.5,PL,SKJ,0
1959.75,PL,BET,0
1959.75,PL,SKJ,0
1960,PL,BET,0
1960,PL,SKJ,0
1960.25,PL,BET,0
1960.25,PL,SKJ,0
1960.5,PL,BET,0
1960.5,PL,SKJ,0
1960.75,PL,BET,0
1960.75,PL,SKJ,0
1961,PL,BET,0
1961,PL,SKJ,0
1961.25,PL,BET,0
1961.25,PL,SKJ,0
1961.5,PL,BET,0
1961.5,PL,SKJ,0
1961.75,PL,BET,0
1961.75,PL,SKJ,0
1962,PL,BET,0
1962,PL,SKJ,0
1962.25,PL,BET,0
1962.25,PL,SKJ,0
1962.5,PL,BET,0
1962.5,PL,SKJ,0
1962.75,PL,BET,0
1962.75,PL,SKJ,0
1963,PL,BET,0
1963,PL,SKJ,0
1963.25,PL,BET,0
1963.25,PL,SKJ,0
1963.5,PL,BET,0
1963.5,PL,SKJ,0
1963.75,PL,BET,0
1963.75,PL,SKJ,0
1964,PL,BET,0
1964,PL,SKJ,0
1964.25,PL,BET,0
1964.25,PL,SKJ,0
1964.5,PL,BET,0
1964.5,PL,SKJ,0
1964.75,PL,BET,0
1964.75,PL,SKJ,0
1965,PL,BET,0
1965,PL,SKJ,0
1965.25,PL,BET,0
1965.25,PL,SKJ,0
1965.5,PL,BET,0
1965.5,PL,SKJ,0
1965.75,PL,BET,0
1965.75,PL,SKJ,0
1966,PL,BET,0
1966,PL,SKJ,0
1966.25,PL,BET,0
1966.25,PL,SKJ,0
1966.5,PL,BET,0
1966.5,PL,SKJ,0
1966.75,PL,BET,0
1966.75,PL,SKJ,0
1967,PL,BET,0
1967,PL,SKJ,0
1967.25,PL,BET,0
1967.25,PL,SKJ,0
1967.5,PL,BET,0
1967.5,PL,SKJ,0
1967.75,PL,BET,0
1967.75,PL,SKJ,0
1968,PL,BET,0
1968,PL,SKJ,0
1968.25,PL,BET,0
1968.25,PL,SKJ,0
1968.5,PL,BET,0
1968.5,PL,SKJ,0
1968.75,PL,BET,0
1968.75,PL,SKJ,0
1969,PL,BET,0
1969,PL,SKJ,0
1969.25,PL,BET,0
1969.25,PL,SKJ,0
1969.5,PL,BET,0
1969.5,PL,SKJ,0
1969.75,PL,BET,0
1969.75,PL,SKJ,0
1970,PL,BET,0
1970,PL,SKJ,279.158
1970.25,PL,BET,0
1970.25,PL,SKJ,1136.897
1970.5,PL,BET,0
1970.5,PL,SKJ,472.754
1970.75,PL,BET,0
1970.75,PL,SKJ,215.049
1971,PL,BET,0
1971,PL,SKJ,3026.295
1971.25,PL,BET,0
1971.25,PL,SKJ,4708.551
1971.5,PL,BET,0
1971.5,PL,SKJ,4497.195
1971.75,PL,BET,0
1971.75,PL,SKJ,2369.9030000000002
1972,PL,BET,0
1972,PL,SKJ,27333.71
1972.25,PL,BET,0
1972.25,PL,SKJ,46882.869
1972.5,PL,BET,0
1972.5,PL,SKJ,41937.368
1972.75,PL,BET,0
1972.75,PL,SKJ,16222.94
1973,PL,BET,0
1973,PL,SKJ,31508.058
1973.25,PL,BET,0
1973.25,PL,SKJ,50437.852
1973.5,PL,BET,0
1973.5,PL,SKJ,76603.793
1973.75,PL,BET,0
1973.75,PL,SKJ,52970.501000000004
1974,PL,BET,0
1974,PL,SKJ,43990.142
1974.25,PL,BET,0
1974.25,PL,SKJ,72290.975
1974.5,PL,BET,0
1974.5,PL,SKJ,57215.733
1974.75,PL,BET,0
1974.75,PL,SKJ,40407.832
1975,PL,BET,0
1975,PL,SKJ,28232.597999999998
1975.25,PL,BET,0
1975.25,PL,SKJ,53319.140999999996
1975.5,PL,BET,0
1975.5,PL,SKJ,58445.201
1975.75,PL,BET,0
1975.75,PL,SKJ,26908.786
1976,PL,BET,0
1976,PL,SKJ,30248.753999999997
1976.25,PL,BET,0
1976.25,PL,SKJ,71978.509
1976.5,PL,BET,0
1976.5,PL,SKJ,69507.966
1976.75,PL,BET,0
1976.75,PL,SKJ,35285.642
1977,PL,BET,0
1977,PL,SKJ,40106.801
1977.25,PL,BET,0
1977.25,PL,SKJ,78627.638
1977.5,PL,BET,0
1977.5,PL,SKJ,68544.26299999999
1977.75,PL,BET,0
1977.75,PL,SKJ,42955.608
1978,PL,BET,0
1978,PL,SKJ,58561.109
1978.25,PL,BET,0
1978.25,PL,SKJ,96468.95
1978.5,PL,BET,0
1978.5,PL,SKJ,60965.68
1978.75,PL,BET,0
1978.75,PL,SKJ,46326.959
1979,PL,BET,0
1979,PL,SKJ,43589.718
1979.25,PL,BET,0
1979.25,PL,SKJ,76081.084
1979.5,PL,BET,0
1979.5,PL,SKJ,68159.442
1979.75,PL,BET,0
1979.75,PL,SKJ,27248.118
1980,PL,BET,0
1980,PL,SKJ,39232.458
1980.25,PL,BET,0
1980.25,PL,SKJ,90831.878
1980.5,PL,BET,0
1980.5,PL,SKJ,77678.328
1980.75,PL,BET,0
1980.75,PL,SKJ,53303.478
1981,PL,BET,0
1981,PL,SKJ,44396.308
1981.25,PL,BET,0
1981.25,PL,SKJ,73960.518
1981.5,PL,BET,0
1981.5,PL,SKJ,65623.826
1981.75,PL,BET,0
1981.75,PL,SKJ,43840.192
1982,PL,BET,0
1982,PL,SKJ,33214.281
1982.25,PL,BET,0
1982.25,PL,SKJ,63361.483
1982.5,PL,BET,0
1982.5,PL,SKJ,66826.432
1982.75,PL,BET,0
1982.75,PL,SKJ,44215.74
1983,PL,BET,0
1983,PL,SKJ,39767.104
1983.25,PL,BET,0
1983.25,PL,SKJ,63812.071
1983.5,PL,BET,0
1983.5,PL,SKJ,70378.563
1983.75,PL,BET,0
1983.75,PL,SKJ,51486.645000000004
1984,PL,BET,0
1984,PL,SKJ,50564.248
1984.25,PL,BET,0
1984.25,PL,SKJ,81068.369
1984.5,PL,BET,0
1984.5,PL,SKJ,109375.1
1984.75,PL,BET,0
1984.75,PL,SKJ,50091.887
1985,PL,BET,0
1985,PL,SKJ,32848.044
1985.25,PL,BET,0
1985.25,PL,SKJ,54215.778
1985.5,PL,BET,0
1985.5,PL,SKJ,51902.352
1985.75,PL,BET,0
1985.75,PL,SKJ,34063.601
1986,PL,BET,0
1986,PL,SKJ,40497.392
1986.25,PL,BET,0
1986.25,PL,SKJ,77874.499
1986.5,PL,BET,0
1986.5,PL,SKJ,76648.038
1986.75,PL,BET,0
1986.75,PL,SKJ,40264.237
1987,PL,BET,0
1987,PL,SKJ,39239.546
1987.25,PL,BET,0
1987.25,PL,SKJ,59170.472
1987.5,PL,BET,0
1987.5,PL,SKJ,63903.82
1987.75,PL,BET,0
1987.75,PL,SKJ,33021.257
1988,PL,BET,0
1988,PL,SKJ,35331.144
1988.25,PL,BET,0
1988.25,PL,SKJ,66306.626
1988.5,PL,BET,0
1988.5,PL,SKJ,79595.299
1988.75,PL,BET,0
1988.75,PL,SKJ,41021.465
1989,PL,BET,0
1989,PL,SKJ,50171.368
1989.25,PL,BET,0
1989.25,PL,SKJ,64780.703
1989.5,PL,BET,0
1989.5,PL,SKJ,59524.002
1989.75,PL,BET,0
1989.75,PL,SKJ,35125.819
1990,PL,BET,0
1990,PL,SKJ,30887.132999999998
1990.25,PL,BET,0
1990.25,PL,SKJ,52395.253
1990.5,PL,BET,0
1990.5,PL,SKJ,51242.465
1990.75,PL,BET,0
1990.75,PL,SKJ,25294.191
1991,PL,BET,0
1991,PL,SKJ,22307.422
1991.25,PL,BET,0
1991.25,PL,SKJ,47140.988
1991.5,PL,BET,0
1991.5,PL,SKJ,69259.99
1991.75,PL,BET,0
1991.75,PL,SKJ,36976.824
1992,PL,BET,0
1992,PL,SKJ,24208.523
1992.25,PL,BET,0
1992.25,PL,SKJ,43603.599
1992.5,PL,BET,0
1992.5,PL,SKJ,56755.171
1992.75,PL,BET,0
1992.75,PL,SKJ,40575.445
1993,PL,BET,0
1993,PL,SKJ,29188.63
1993.25,PL,BET,0
1993.25,PL,SKJ,56666.578
1993.5,PL,BET,0
1993.5,PL,SKJ,82972.403
1993.75,PL,BET,0
1993.75,PL,SKJ,37458.591
1994,PL,BET,0
1994,PL,SKJ,29113.193
1994.25,PL,BET,0
1994.25,PL,SKJ,49724.827
1994.5,PL,BET,0
1994.5,PL,SKJ,43470.889
1994.75,PL,BET,0
1994.75,PL,SKJ,36131.008
1995,PL,BET,0
1995,PL,SKJ,35707.421
1995.25,PL,BET,0
1995.25,PL,SKJ,58402.049
1995.5,PL,BET,0
1995.5,PL,SKJ,64871.727
1995.75,PL,BET,0
1995.75,PL,SKJ,36093.065
1996,PL,BET,0
1996,PL,SKJ,36767.612
1996.25,PL,BET,0
1996.25,PL,SKJ,62101.799999999996
1996.5,PL,BET,0
1996.5,PL,SKJ,53405.116
1996.75,PL,BET,0
1996.75,PL,SKJ,43231.351
1997,PL,BET,0
1997,PL,SKJ,35545.531
1997.25,PL,BET,0
1997.25,PL,SKJ,53606.25
1997.5,PL,BET,0
1997.5,PL,SKJ,54951.742
1997.75,PL,BET,0
1997.75,PL,SKJ,45889.555
1998,PL,BET,0
1998,PL,SKJ,41020.243
1998.25,PL,BET,0
1998.25,PL,SKJ,64981.87
1998.5,PL,BET,0
1998.5,PL,SKJ,65804.041
1998.75,PL,BET,0
1998.75,PL,SKJ,52685.935
1999,PL,BET,0
1999,PL,SKJ,41782.887
1999.25,PL,BET,0
1999.25,PL,SKJ,55801.977999999996
1999.5,PL,BET,0
1999.5,PL,SKJ,74817.512
1999.75,PL,BET,0
1999.75,PL,SKJ,44070.537
2000,PL,BET,0
2000,PL,SKJ,42487.493
2000.25,PL,BET,0
2000.25,PL,SKJ,70777.608
2000.5,PL,BET,0
2000.5,PL,SKJ,70309.789
2000.75,PL,BET,0
2000.75,PL,SKJ,57722.568999999996
2001,PL,BET,0
2001,PL,SKJ,38718.946
2001.25,PL,BET,0
2001.25,PL,SKJ,57085.351
2001.5,PL,BET,0
2001.5,PL,SKJ,50635.059
2001.75,PL,BET,0
2001.75,PL,SKJ,44801.024
2002,PL,BET,0
2002,PL,SKJ,41565.885
2002.25,PL,BET,0
2002.25,PL,SKJ,48482.876000000004
2002.5,PL,BET,0
2002.5,PL,SKJ,47618.875
2002.75,PL,BET,0
2002.75,PL,SKJ,40896.805
2003,PL,BET,0
2003,PL,SKJ,47109.759
2003.25,PL,BET,0
2003.25,PL,SKJ,63183.659
2003.5,PL,BET,0
2003.5,PL,SKJ,56083.958999999995
2003.75,PL,BET,0
2003.75,PL,SKJ,36281.559
2004,PL,BET,0
2004,PL,SKJ,44802.373
2004.25,PL,BET,0
2004.25,PL,SKJ,49748.873
2004.5,PL,BET,0
2004.5,PL,SKJ,74208.773
2004.75,PL,BET,0
2004.75,PL,SKJ,49992.473
2005,PL,BET,0
2005,PL,SKJ,35177.175
2005.25,PL,BET,0
2005.25,PL,SKJ,51098.464
2005.5,PL,BET,0
2005.5,PL,SKJ,62932.142
2005.75,PL,BET,0
2005.75,PL,SKJ,37588.375
2006,PL,BET,0
2006,PL,SKJ,36162.345
2006.25,PL,BET,0
2006.25,PL,SKJ,46814.687999999995
2006.5,PL,BET,0
2006.5,PL,SKJ,61823.1
2006.75,PL,BET,0
2006.75,PL,SKJ,36931.2
2007,PL,BET,0
2007,PL,SKJ,42968.254
2007.25,PL,BET,0
2007.25,PL,SKJ,42607.354
2007.5,PL,BET,0
2007.5,PL,SKJ,57669.57
2007.75,PL,BET,0
2007.75,PL,SKJ,43509.554000000004
2008,PL,BET,0
2008,PL,SKJ,41488.873
2008.25,PL,BET,0
2008.25,PL,SKJ,49135.273
2008.5,PL,BET,0
2008.5,PL,SKJ,63136.073000000004
2008.75,PL,BET,0
2008.75,PL,SKJ,43255.173
2009,PL,BET,0
2009,PL,SKJ,41459.581
2009.25,PL,BET,0
2009.25,PL,SKJ,45969.481
2009.5,PL,BET,0
2009.5,PL,SKJ,53267.780999999995
2009.75,PL,BET,0
2009.75,PL,SKJ,41690.181
2010,PL,BET,0
2010,PL,SKJ,43896.111000000004
2010.25,PL,BET,0
2010.25,PL,SKJ,48536.311
2010.5,PL,BET,0
2010.5,PL,SKJ,63639.411
2010.75,PL,BET,0
2010.75,PL,SKJ,50483.611000000004
2011,PL,BET,0
2011,PL,SKJ,40605.703
2011.25,PL,BET,0
2011.25,PL,SKJ,49003.003000000004
2011.5,PL,BET,0
2011.5,PL,SKJ,53485.903000000006
2011.75,PL,BET,0
2011.75,PL,SKJ,41241.203
2012,PL,BET,0
2012,PL,SKJ,32976.041
2012.25,PL,BET,0
2012.25,PL,SKJ,32000.681
2012.5,PL,BET,0
2012.5,PL,SKJ,44599.121
2012.75,PL,BET,0
2012.75,PL,SKJ,34482.441
1952,PS-FAD,BET,0
1952,PS-FAD,SKJ,0
1952.25,PS-FAD,BET,0
1952.25,PS-FAD,SKJ,0
1952.5,PS-FAD,BET,0
1952.5,PS-FAD,SKJ,0
1952.75,PS-FAD,BET,0
1952.75,PS-FAD,SKJ,0
1953,PS-FAD,BET,0
1953,PS-FAD,SKJ,0
1953.25,PS-FAD,BET,0
1953.25,PS-FAD,SKJ,0
1953.5,PS-FAD,BET,0
1953.5,PS-FAD,SKJ,0
1953.75,PS-FAD,BET,0
1953.75,PS-FAD,SKJ,0
1954,PS-FAD,BET,0
1954,PS-FAD,SKJ,0
1954.25,PS-FAD,BET,0
1954.25,PS-FAD,SKJ,0
1954.5,PS-FAD,BET,0
1954.5,PS-FAD,SKJ,0
1954.75,PS-FAD,BET,0
1954.75,PS-FAD,SKJ,0
1955,PS-FAD,BET,0
1955,PS-FAD,SKJ,0
1955.25,PS-FAD,BET,0
1955.25,PS-FAD,SKJ,0
1955.5,PS-FAD,BET,0
1955.5,PS-FAD,SKJ,0
1955.75,PS-FAD,BET,0
1955.75,PS-FAD,SKJ,0
1956,PS-FAD,BET,0
1956,PS-FAD,SKJ,0
1956.25,PS-FAD,BET,0
1956.25,PS-FAD,SKJ,0
1956.5,PS-FAD,BET,0
1956.5,PS-FAD,SKJ,0
1956.75,PS-FAD,BET,0
1956.75,PS-FAD,SKJ,0
1957,PS-FAD,BET,0
1957,PS-FAD,SKJ,0
1957.25,PS-FAD,BET,0
1957.25,PS-FAD,SKJ,0
1957.5,PS-FAD,BET,0
1957.5,PS-FAD,SKJ,0
1957.75,PS-FAD,BET,0
1957.75,PS-FAD,SKJ,0
1958,PS-FAD,BET,0
1958,PS-FAD,SKJ,0
1958.25,PS-FAD,BET,0
1958.25,PS-FAD,SKJ,0
1958.5,PS-FAD,BET,0
1958.5,PS-FAD,SKJ,0
1958.75,PS-FAD,BET,0
1958.75,PS-FAD,SKJ,0
1959,PS-FAD,BET,0
1959,PS-FAD,SKJ,0
1959.25,PS-FAD,BET,0
1959.25,PS-FAD,SKJ,0
1959.5,PS-FAD,BET,0
1959.5,PS-FAD,SKJ,0
1959.75,PS-FAD,BET,0
1959.75,PS-FAD,SKJ,0
1960,PS-FAD,BET,0
1960,PS-FAD,SKJ,0
1960.25,PS-FAD,BET,0
1960.25,PS-FAD,SKJ,0
1960.5,PS-FAD,BET,0
1960.5,PS-FAD,SKJ,0
1960.75,PS-FAD,BET,0
1960.75,PS-FAD,SKJ,0
1961,PS-FAD,BET,0
1961,PS-FAD,SKJ,0
1961.25,PS-FAD,BET,0
1961.25,PS-FAD,SKJ,0
1961.5,PS-FAD,BET,0
1961.5,PS-FAD,SKJ,0
1961.75,PS-FAD,BET,0
1961.75,PS-FAD,SKJ,0
1962,PS-FAD,BET,0
1962,PS-FAD,SKJ,0
1962.25,PS-FAD,BET,0
1962.25,PS-FAD,SKJ,0
1962.5,PS-FAD,BET,0
1962.5,PS-FAD,SKJ,0
1962.75,PS-FAD,BET,0
1962.75,PS-FAD,SKJ,0
1963,PS-FAD,BET,0
1963,PS-FAD,SKJ,0
1963.25,PS-FAD,BET,0
1963.25,PS-FAD,SKJ,0
1963.5,PS-FAD,BET,0
1963.5,PS-FAD,SKJ,0
1963.75,PS-FAD,BET,0
1963.75,PS-FAD,SKJ,0
1964,PS-FAD,BET,0
1964,PS-FAD,SKJ,0
1964.25,PS-FAD,BET,0
1964.25,PS-FAD,SKJ,0
1964.5,PS-FAD,BET,0
1964.5,PS-FAD,SKJ,0
1964.75,PS-FAD,BET,0
1964.75,PS-FAD,SKJ,0
1965,PS-FAD,BET,0
1965,PS-FAD,SKJ,0
1965.25,PS-FAD,BET,0
1965.25,PS-FAD,SKJ,0
1965.5,PS-FAD,BET,0
1965.5,PS-FAD,SKJ,0
1965.75,PS-FAD,BET,0
1965.75,PS-FAD,SKJ,0
1966,PS-FAD,BET,0
1966,PS-FAD,SKJ,0
1966.25,PS-FAD,BET,0
1966.25,PS-FAD,SKJ,0
1966.5,PS-FAD,BET,0
1966.5,PS-FAD,SKJ,0
1966.75,PS-FAD,BET,0
1966.75,PS-FAD,SKJ,0
1967,PS-FAD,BET,0
1967,PS-FAD,SKJ,0
1967.25,PS-FAD,BET,0
1967.25,PS-FAD,SKJ,0
1967.5,PS-FAD,BET,0
1967.5,PS-FAD,SKJ,0
1967.75,PS-FAD,BET,0
1967.75,PS-FAD,SKJ,0
1968,PS-FAD,BET,0
1968,PS-FAD,SKJ,0
1968.25,PS-FAD,BET,0
1968.25,PS-FAD,SKJ,0
1968.5,PS-FAD,BET,0
1968.5,PS-FAD,SKJ,0
1968.75,PS-FAD,BET,0
1968.75,PS-FAD,SKJ,0
1969,PS-FAD,BET,0
1969,PS-FAD,SKJ,0
1969.25,PS-FAD,BET,0
1969.25,PS-FAD,SKJ,0
1969.5,PS-FAD,BET,0
1969.5,PS-FAD,SKJ,0
1969.75,PS-FAD,BET,0
1969.75,PS-FAD,SKJ,0
1970,PS-FAD,BET,29.851999999999997
1970,PS-FAD,SKJ,189.907
1970.25,PS-FAD,BET,0
1970.25,PS-FAD,SKJ,0
1970.5,PS-FAD,BET,41.407
1970.5,PS-FAD,SKJ,944.2139999999999
1970.75,PS-FAD,BET,51.476
1970.75,PS-FAD,SKJ,304.50600000000003
1971,PS-FAD,BET,13.424
1971,PS-FAD,SKJ,75.714
1971.25,PS-FAD,BET,86.46600000000001
1971.25,PS-FAD,SKJ,488.64
1971.5,PS-FAD,BET,86.46600000000001
1971.5,PS-FAD,SKJ,488.64
1971.75,PS-FAD,BET,28.822000000000003
1971.75,PS-FAD,SKJ,162.88
1972,PS-FAD,BET,17.186999999999998
1972,PS-FAD,SKJ,673.769
1972.25,PS-FAD,BET,0.023
1972.25,PS-FAD,SKJ,43.723
1972.5,PS-FAD,BET,1.796
1972.5,PS-FAD,SKJ,389.19599999999997
1972.75,PS-FAD,BET,46.289
1972.75,PS-FAD,SKJ,843.645
1973,PS-FAD,BET,55.989
1973,PS-FAD,SKJ,734.554
1973.25,PS-FAD,BET,135.375
1973.25,PS-FAD,SKJ,1044.339
1973.5,PS-FAD,BET,141.394
1973.5,PS-FAD,SKJ,4747.306
1973.75,PS-FAD,BET,37.223
1973.75,PS-FAD,SKJ,640.437
1974,PS-FAD,BET,44.408
1974,PS-FAD,SKJ,492.297
1974.25,PS-FAD,BET,57.599999999999994
1974.25,PS-FAD,SKJ,310.5
1974.5,PS-FAD,BET,61.379
1974.5,PS-FAD,SKJ,354.059
1974.75,PS-FAD,BET,115.755
1974.75,PS-FAD,SKJ,908.948
1975,PS-FAD,BET,83.105
1975,PS-FAD,SKJ,713.697
1975.25,PS-FAD,BET,0
1975.25,PS-FAD,SKJ,0
1975.5,PS-FAD,BET,62.072
1975.5,PS-FAD,SKJ,352.203
1975.75,PS-FAD,BET,57.82
1975.75,PS-FAD,SKJ,616.944
1976,PS-FAD,BET,64.86099999999999
1976,PS-FAD,SKJ,1496.494
1976.25,PS-FAD,BET,24.778
1976.25,PS-FAD,SKJ,166.64499999999998
1976.5,PS-FAD,BET,28.588
1976.5,PS-FAD,SKJ,944.119
1976.75,PS-FAD,BET,168.664
1976.75,PS-FAD,SKJ,1704.88
1977,PS-FAD,BET,126.924
1977,PS-FAD,SKJ,2330.866
1977.25,PS-FAD,BET,231.9
1977.25,PS-FAD,SKJ,3298.696
1977.5,PS-FAD,BET,257.785
1977.5,PS-FAD,SKJ,4559.9800000000005
1977.75,PS-FAD,BET,79.85900000000001
1977.75,PS-FAD,SKJ,1173.494
1978,PS-FAD,BET,102.937
1978,PS-FAD,SKJ,1558.008
1978.25,PS-FAD,BET,60.17
1978.25,PS-FAD,SKJ,1053.657
1978.5,PS-FAD,BET,201.195
1978.5,PS-FAD,SKJ,2470.208
1978.75,PS-FAD,BET,250.531
1978.75,PS-FAD,SKJ,3202.018
1979,PS-FAD,BET,132.31300000000002
1979,PS-FAD,SKJ,3899.0299999999997
1979.25,PS-FAD,BET,67.857
1979.25,PS-FAD,SKJ,4508.706
1979.5,PS-FAD,BET,452.004
1979.5,PS-FAD,SKJ,8367.045
1979.75,PS-FAD,BET,251.392
1979.75,PS-FAD,SKJ,4123.024
1980,PS-FAD,BET,256.16700000000003
1980,PS-FAD,SKJ,5410.586
1980.25,PS-FAD,BET,231.98899999999998
1980.25,PS-FAD,SKJ,4312.67
1980.5,PS-FAD,BET,558.115
1980.5,PS-FAD,SKJ,11149.601
1980.75,PS-FAD,BET,472.86100000000005
1980.75,PS-FAD,SKJ,7555.958
1981,PS-FAD,BET,732.963
1981,PS-FAD,SKJ,7513.589
1981.25,PS-FAD,BET,2265.215
1981.25,PS-FAD,SKJ,16315.852
1981.5,PS-FAD,BET,1485.45
1981.5,PS-FAD,SKJ,11967.157
1981.75,PS-FAD,BET,2179.883
1981.75,PS-FAD,SKJ,15359.692000000001
1982,PS-FAD,BET,2604.966
1982,PS-FAD,SKJ,26368.413
1982.25,PS-FAD,BET,3108.625
1982.25,PS-FAD,SKJ,25744.579
1982.5,PS-FAD,BET,2851.323
1982.5,PS-FAD,SKJ,22794.137
1982.75,PS-FAD,BET,3298.299
1982.75,PS-FAD,SKJ,32301.964
1983,PS-FAD,BET,2483.384
1983,PS-FAD,SKJ,32256.938000000002
1983.25,PS-FAD,BET,3907.8
1983.25,PS-FAD,SKJ,40326.585
1983.5,PS-FAD,BET,4938.464
1983.5,PS-FAD,SKJ,46013.789
1983.75,PS-FAD,BET,5377.7390000000005
1983.75,PS-FAD,SKJ,51426.167
1984,PS-FAD,BET,3818.636
1984,PS-FAD,SKJ,44087.053
1984.25,PS-FAD,BET,4166.063
1984.25,PS-FAD,SKJ,39535.059
1984.5,PS-FAD,BET,6072.191
1984.5,PS-FAD,SKJ,37336.154
1984.75,PS-FAD,BET,5027.669
1984.75,PS-FAD,SKJ,43320.413
1985,PS-FAD,BET,2564.452
1985,PS-FAD,SKJ,32250.115999999998
1985.25,PS-FAD,BET,3421.968
1985.25,PS-FAD,SKJ,44704.070999999996
1985.5,PS-FAD,BET,4201.193
1985.5,PS-FAD,SKJ,40177.551
1985.75,PS-FAD,BET,3890.479
1985.75,PS-FAD,SKJ,34577.037
1986,PS-FAD,BET,5748.56
1986,PS-FAD,SKJ,62805.181
1986.25,PS-FAD,BET,5460.147
1986.25,PS-FAD,SKJ,45678.421
1986.5,PS-FAD,BET,4720.037
1986.5,PS-FAD,SKJ,39702.032999999996
1986.75,PS-FAD,BET,5042.877
1986.75,PS-FAD,SKJ,42940.955
1987,PS-FAD,BET,4415.95
1987,PS-FAD,SKJ,36056.25
1987.25,PS-FAD,BET,6191.804
1987.25,PS-FAD,SKJ,47806.576
1987.5,PS-FAD,BET,5572.378
1987.5,PS-FAD,SKJ,47503.797
1987.75,PS-FAD,BET,8245.325
1987.75,PS-FAD,SKJ,63087.398
1988,PS-FAD,BET,5082.147
1988,PS-FAD,SKJ,53575.765999999996
1988.25,PS-FAD,BET,5888.712
1988.25,PS-FAD,SKJ,61637.222
1988.5,PS-FAD,BET,6944.813
1988.5,PS-FAD,SKJ,65175.805
1988.75,PS-FAD,BET,5490.358
1988.75,PS-FAD,SKJ,47948.22
1989,PS-FAD,BET,4793.147
1989,PS-FAD,SKJ,49100.368
1989.25,PS-FAD,BET,5565.463
1989.25,PS-FAD,SKJ,47881.409
1989.5,PS-FAD,BET,6065.368
1989.5,PS-FAD,SKJ,45130.394
1989.75,PS-FAD,BET,7270.46
1989.75,PS-FAD,SKJ,55347.520000000004
1990,PS-FAD,BET,6407.109
1990,PS-FAD,SKJ,67594.339
1990.25,PS-FAD,BET,8070.995
1990.25,PS-FAD,SKJ,82543.975
1990.5,PS-FAD,BET,6784.239
1990.5,PS-FAD,SKJ,71143.188
1990.75,PS-FAD,BET,8461.849
1990.75,PS-FAD,SKJ,82478.083
1991,PS-FAD,BET,7283.1359999999995
1991,PS-FAD,SKJ,77256.174
1991.25,PS-FAD,BET,6179.94
1991.25,PS-FAD,SKJ,64948.828
1991.5,PS-FAD,BET,7399.7339999999995
1991.5,PS-FAD,SKJ,56809.268000000004
1991.75,PS-FAD,BET,8102.483
1991.75,PS-FAD,SKJ,58164.604
1992,PS-FAD,BET,8005.44
1992,PS-FAD,SKJ,51271.288
1992.25,PS-FAD,BET,11786.561
1992.25,PS-FAD,SKJ,82604.522
1992.5,PS-FAD,BET,9740.487000000001
1992.5,PS-FAD,SKJ,87560.31
1992.75,PS-FAD,BET,8050.969
1992.75,PS-FAD,SKJ,70391.478
1993,PS-FAD,BET,6740.691000000001
1993,PS-FAD,SKJ,60825.873999999996
1993.25,PS-FAD,BET,6378.822
1993.25,PS-FAD,SKJ,51933.686
1993.5,PS-FAD,BET,7619.0650000000005
1993.5,PS-FAD,SKJ,56844.28
1993.75,PS-FAD,BET,6786.108
1993.75,PS-FAD,SKJ,56457.262
1994,PS-FAD,BET,7623.708
1994,PS-FAD,SKJ,93966.34599999999
1994.25,PS-FAD,BET,7282.338
1994.25,PS-FAD,SKJ,67149.528
1994.5,PS-FAD,BET,6217.028
1994.5,PS-FAD,SKJ,64678.262
1994.75,PS-FAD,BET,7539.79
1994.75,PS-FAD,SKJ,68194.163
1995,PS-FAD,BET,5383.773
1995,PS-FAD,SKJ,77016.226
1995.25,PS-FAD,BET,6172.085
1995.25,PS-FAD,SKJ,87638.939
1995.5,PS-FAD,BET,5044.348
1995.5,PS-FAD,SKJ,67681.583
1995.75,PS-FAD,BET,3214.198
1995.75,PS-FAD,SKJ,34196.137
1996,PS-FAD,BET,11694.64
1996,PS-FAD,SKJ,92208.25899999999
1996.25,PS-FAD,BET,7741.144
1996.25,PS-FAD,SKJ,65612.85
1996.5,PS-FAD,BET,7069.835
1996.5,PS-FAD,SKJ,69988.96399999999
1996.75,PS-FAD,BET,9010.604
1996.75,PS-FAD,SKJ,82324.63399999999
1997,PS-FAD,BET,16562.82
1997,PS-FAD,SKJ,68712.764
1997.25,PS-FAD,BET,23585.695
1997.25,PS-FAD,SKJ,90187.014
1997.5,PS-FAD,BET,11290.675
1997.5,PS-FAD,SKJ,62433.11
1997.75,PS-FAD,BET,18089.456000000002
1997.75,PS-FAD,SKJ,62344.478
1998,PS-FAD,BET,15358.268
1998,PS-FAD,SKJ,100871.089
1998.25,PS-FAD,BET,16873.083
1998.25,PS-FAD,SKJ,102701.115
1998.5,PS-FAD,BET,14345.664999999999
1998.5,PS-FAD,SKJ,91425.387
1998.75,PS-FAD,BET,15860.994999999999
1998.75,PS-FAD,SKJ,94589.22
1999,PS-FAD,BET,9306.943
1999,PS-FAD,SKJ,81290.01
1999.25,PS-FAD,BET,17064.922
1999.25,PS-FAD,SKJ,122018.501
1999.5,PS-FAD,BET,17838.744
1999.5,PS-FAD,SKJ,130678.708
1999.75,PS-FAD,BET,14027.713
1999.75,PS-FAD,SKJ,108315.865
2000,PS-FAD,BET,9143.39
2000,PS-FAD,SKJ,80160.925
2000.25,PS-FAD,BET,11607.449
2000.25,PS-FAD,SKJ,101301.571
2000.5,PS-FAD,BET,11004.087
2000.5,PS-FAD,SKJ,98560.011
2000.75,PS-FAD,BET,9626.462
2000.75,PS-FAD,SKJ,82211.262
2001,PS-FAD,BET,6939.248
2001,PS-FAD,SKJ,59687.287
2001.25,PS-FAD,BET,10596.464
2001.25,PS-FAD,SKJ,83936.573
2001.5,PS-FAD,BET,12547.993
2001.5,PS-FAD,SKJ,87814.2
2001.75,PS-FAD,BET,11529.894
2001.75,PS-FAD,SKJ,76785.846
2002,PS-FAD,BET,17633.212
2002,PS-FAD,SKJ,160210.4
2002.25,PS-FAD,BET,16907.311
2002.25,PS-FAD,SKJ,124752.772
2002.5,PS-FAD,BET,7226.266
2002.5,PS-FAD,SKJ,102398.336
2002.75,PS-FAD,BET,7879.628
2002.75,PS-FAD,SKJ,85340.185
2003,PS-FAD,BET,11541.662
2003,PS-FAD,SKJ,115316.706
2003.25,PS-FAD,BET,3568.868
2003.25,PS-FAD,SKJ,76653.425
2003.5,PS-FAD,BET,7721.753
2003.5,PS-FAD,SKJ,93169.875
2003.75,PS-FAD,BET,10175.949999999999
2003.75,PS-FAD,SKJ,111387.37999999999
2004,PS-FAD,BET,10260.412
2004,PS-FAD,SKJ,179536.734
2004.25,PS-FAD,BET,13820.813
2004.25,PS-FAD,SKJ,154319.2
2004.5,PS-FAD,BET,15794.987
2004.5,PS-FAD,SKJ,148533.101
2004.75,PS-FAD,BET,18835.373
2004.75,PS-FAD,SKJ,179382.10199999998
2005,PS-FAD,BET,11673.470000000001
2005,PS-FAD,SKJ,117437.544
2005.25,PS-FAD,BET,12042.57
2005.25,PS-FAD,SKJ,106406.806
2005.5,PS-FAD,BET,9918.77
2005.5,PS-FAD,SKJ,110811.081
2005.75,PS-FAD,BET,14682.548999999999
2005.75,PS-FAD,SKJ,163229.676
2006,PS-FAD,BET,11349.172
2006,PS-FAD,SKJ,179909.59100000001
2006.25,PS-FAD,BET,13432.633
2006.25,PS-FAD,SKJ,170174.932
2006.5,PS-FAD,BET,13509.529
2006.5,PS-FAD,SKJ,153374.419
2006.75,PS-FAD,BET,10222.109
2006.75,PS-FAD,SKJ,177726.756
2007,PS-FAD,BET,8738.717
2007,PS-FAD,SKJ,207892.869
2007.25,PS-FAD,BET,6511.625
2007.25,PS-FAD,SKJ,152890.997
2007.5,PS-FAD,BET,9060.766
2007.5,PS-FAD,SKJ,148628.442
2007.75,PS-FAD,BET,12850.856
2007.75,PS-FAD,SKJ,203581.544
2008,PS-FAD,BET,11198.684000000001
2008,PS-FAD,SKJ,214293.687
2008.25,PS-FAD,BET,10620.83
2008.25,PS-FAD,SKJ,175151.776
2008.5,PS-FAD,BET,7717.87
2008.5,PS-FAD,SKJ,128960.628
2008.75,PS-FAD,BET,11025.643
2008.75,PS-FAD,SKJ,118286.603
2009,PS-FAD,BET,7439.984
2009,PS-FAD,SKJ,188075.72
2009.25,PS-FAD,BET,15755.518
2009.25,PS-FAD,SKJ,220304.939
2009.5,PS-FAD,BET,7196.521
2009.5,PS-FAD,SKJ,102760.043
2009.75,PS-FAD,BET,14120.759
2009.75,PS-FAD,SKJ,263840.288
2010,PS-FAD,BET,10641.986
2010,PS-FAD,SKJ,168145.116
2010.25,PS-FAD,BET,10261.360999999999
2010.25,PS-FAD,SKJ,100163.808
2010.5,PS-FAD,BET,1189.8799999999999
2010.5,PS-FAD,SKJ,19978.478
2010.75,PS-FAD,BET,14292.464
2010.75,PS-FAD,SKJ,122810.623
2011,PS-FAD,BET,19251.379
2011,PS-FAD,SKJ,183833.234
2011.25,PS-FAD,BET,19548.429
2011.25,PS-FAD,SKJ,224238.045
2011.5,PS-FAD,BET,1185.728
2011.5,PS-FAD,SKJ,22003.409
2011.75,PS-FAD,BET,14157.351
2011.75,PS-FAD,SKJ,134391.609
2012,PS-FAD,BET,9901.044
2012,PS-FAD,SKJ,149295.638
2012.25,PS-FAD,BET,15460.823
2012.25,PS-FAD,SKJ,203504.383
2012.5,PS-FAD,BET,2621.908
2012.5,PS-FAD,SKJ,25790.932
2012.75,PS-FAD,BET,16587.407
2012.75,PS-FAD,SKJ,210112.654
1952,PS-UNA,BET,0
1952,PS-UNA,SKJ,0
1952.25,PS-UNA,BET,0
1952.25,PS-UNA,SKJ,0
1952.5,PS-UNA,BET,0
1952.5,PS-UNA,SKJ,0
1952.75,PS-UNA,BET,0
1952.75,PS-UNA,SKJ,0
1953,PS-UNA,BET,0
1953,PS-UNA,SKJ,0
1953.25,PS-UNA,BET,0
1953.25,PS-UNA,SKJ,0
1953.5,PS-UNA,BET,0
1953.5,PS-UNA,SKJ,0
1953.75,PS-UNA,BET,0
1953.75,PS-UNA,SKJ,0
1954,PS-UNA,BET,0
1954,PS-UNA,SKJ,0
1954.25,PS-UNA,BET,0
1954.25,PS-UNA,SKJ,0
1954.5,PS-UNA,BET,0
1954.5,PS-UNA,SKJ,0
1954.75,PS-UNA,BET,0
1954.75,PS-UNA,SKJ,0
1955,PS-UNA,BET,0
1955,PS-UNA,SKJ,0
1955.25,PS-UNA,BET,0
1955.25,PS-UNA,SKJ,0
1955.5,PS-UNA,BET,0
1955.5,PS-UNA,SKJ,0
1955.75,PS-UNA,BET,0
1955.75,PS-UNA,SKJ,0
1956,PS-UNA,BET,0
1956,PS-UNA,SKJ,0
1956.25,PS-UNA,BET,0
1956.25,PS-UNA,SKJ,0
1956.5,PS-UNA,BET,0
1956.5,PS-UNA,SKJ,0
1956.75,PS-UNA,BET,0
1956.75,PS-UNA,SKJ,0
1957,PS-UNA,BET,0
1957,PS-UNA,SKJ,0
1957.25,PS-UNA,BET,0
1957.25,PS-UNA,SKJ,0
1957.5,PS-UNA,BET,0
1957.5,PS-UNA,SKJ,0
1957.75,PS-UNA,BET,0
1957.75,PS-UNA,SKJ,0
1958,PS-UNA,BET,0
1958,PS-UNA,SKJ,0
1958.25,PS-UNA,BET,0
1958.25,PS-UNA,SKJ,0
1958.5,PS-UNA,BET,0
1958.5,PS-UNA,SKJ,0
1958.75,PS-UNA,BET,0
1958.75,PS-UNA,SKJ,0
1959,PS-UNA,BET,0
1959,PS-UNA,SKJ,0
1959.25,PS-UNA,BET,0
1959.25,PS-UNA,SKJ,0
1959.5,PS-UNA,BET,0
1959.5,PS-UNA,SKJ,0
1959.75,PS-UNA,BET,0
1959.75,PS-UNA,SKJ,0
1960,PS-UNA,BET,0
1960,PS-UNA,SKJ,0
1960.25,PS-UNA,BET,0
1960.25,PS-UNA,SKJ,0
1960.5,PS-UNA,BET,0
1960.5,PS-UNA,SKJ,0
1960.75,PS-UNA,BET,0
1960.75,PS-UNA,SKJ,0
1961,PS-UNA,BET,0
1961,PS-UNA,SKJ,0
1961.25,PS-UNA,BET,0
1961.25,PS-UNA,SKJ,0
1961.5,PS-UNA,BET,0
1961.5,PS-UNA,SKJ,0
1961.75,PS-UNA,BET,0
1961.75,PS-UNA,SKJ,0
1962,PS-UNA,BET,0
1962,PS-UNA,SKJ,0
1962.25,PS-UNA,BET,0
1962.25,PS-UNA,SKJ,0
1962.5,PS-UNA,BET,0
1962.5,PS-UNA,SKJ,0
1962.75,PS-UNA,BET,0
1962.75,PS-UNA,SKJ,0
1963,PS-UNA,BET,0
1963,PS-UNA,SKJ,0
1963.25,PS-UNA,BET,0
1963.25,PS-UNA,SKJ,0
1963.5,PS-UNA,BET,0
1963.5,PS-UNA,SKJ,0
1963.75,PS-UNA,BET,0
1963.75,PS-UNA,SKJ,0
1964,PS-UNA,BET,0
1964,PS-UNA,SKJ,0
1964.25,PS-UNA,BET,0
1964.25,PS-UNA,SKJ,0
1964.5,PS-UNA,BET,0
1964.5,PS-UNA,SKJ,0
1964.75,PS-UNA,BET,0
1964.75,PS-UNA,SKJ,0
1965,PS-UNA,BET,0
1965,PS-UNA,SKJ,0
1965.25,PS-UNA,BET,0
1965.25,PS-UNA,SKJ,0
1965.5,PS-UNA,BET,0
1965.5,PS-UNA,SKJ,0
1965.75,PS-UNA,BET,0
1965.75,PS-UNA,SKJ,0
1966,PS-UNA,BET,0
1966,PS-UNA,SKJ,0
1966.25,PS-UNA,BET,0
1966.25,PS-UNA,SKJ,0
1966.5,PS-UNA,BET,0
1966.5,PS-UNA,SKJ,0
1966.75,PS-UNA,BET,0
1966.75,PS-UNA,SKJ,0
1967,PS-UNA,BET,0
1967,PS-UNA,SKJ,0
1967.25,PS-UNA,BET,0
1967.25,PS-UNA,SKJ,0
1967.5,PS-UNA,BET,0
1967.5,PS-UNA,SKJ,0
1967.75,PS-UNA,BET,0
1967.75,PS-UNA,SKJ,0
1968,PS-UNA,BET,0
1968,PS-UNA,SKJ,0
1968.25,PS-UNA,BET,0
1968.25,PS-UNA,SKJ,0
1968.5,PS-UNA,BET,0
1968.5,PS-UNA,SKJ,0
1968.75,PS-UNA,BET,0
1968.75,PS-UNA,SKJ,0
1969,PS-UNA,BET,0
1969,PS-UNA,SKJ,0
1969.25,PS-UNA,BET,0
1969.25,PS-UNA,SKJ,0
1969.5,PS-UNA,BET,0
1969.5,PS-UNA,SKJ,0
1969.75,PS-UNA,BET,0
1969.75,PS-UNA,SKJ,0
1970,PS-UNA,BET,0.423
1970,PS-UNA,SKJ,20.159
1970.25,PS-UNA,BET,0
1970.25,PS-UNA,SKJ,0
1970.5,PS-UNA,BET,0
1970.5,PS-UNA,SKJ,5
1970.75,PS-UNA,BET,0
1970.75,PS-UNA,SKJ,0
1971,PS-UNA,BET,0
1971,PS-UNA,SKJ,0
1971.25,PS-UNA,BET,0
1971.25,PS-UNA,SKJ,0
1971.5,PS-UNA,BET,0
1971.5,PS-UNA,SKJ,0
1971.75,PS-UNA,BET,0
1971.75,PS-UNA,SKJ,0
1972,PS-UNA,BET,0
1972,PS-UNA,SKJ,0
1972.25,PS-UNA,BET,0
1972.25,PS-UNA,SKJ,0
1972.5,PS-UNA,BET,9.7
1972.5,PS-UNA,SKJ,33.9
1972.75,PS-UNA,BET,0
1972.75,PS-UNA,SKJ,0
1973,PS-UNA,BET,0
1973,PS-UNA,SKJ,0
1973.25,PS-UNA,BET,0
1973.25,PS-UNA,SKJ,307
1973.5,PS-UNA,BET,0
1973.5,PS-UNA,SKJ,2199.6
1973.75,PS-UNA,BET,0.072
1973.75,PS-UNA,SKJ,1.638
1974,PS-UNA,BET,0
1974,PS-UNA,SKJ,0
1974.25,PS-UNA,BET,0
1974.25,PS-UNA,SKJ,0
1974.5,PS-UNA,BET,0
1974.5,PS-UNA,SKJ,0
1974.75,PS-UNA,BET,0.315
1974.75,PS-UNA,SKJ,32.068
1975,PS-UNA,BET,0.5670000000000001
1975,PS-UNA,SKJ,14.233
1975.25,PS-UNA,BET,0
1975.25,PS-UNA,SKJ,0
1975.5,PS-UNA,BET,0
1975.5,PS-UNA,SKJ,0
1975.75,PS-UNA,BET,0.476
1975.75,PS-UNA,SKJ,52.009
1976,PS-UNA,BET,0
1976,PS-UNA,SKJ,0
1976.25,PS-UNA,BET,0
1976.25,PS-UNA,SKJ,0
1976.5,PS-UNA,BET,0
1976.5,PS-UNA,SKJ,94.4
1976.75,PS-UNA,BET,0.121
1976.75,PS-UNA,SKJ,5.086
1977,PS-UNA,BET,1.038
1977,PS-UNA,SKJ,39.42
1977.25,PS-UNA,BET,8.975999999999999
1977.25,PS-UNA,SKJ,652.39
1977.5,PS-UNA,BET,1.696
1977.5,PS-UNA,SKJ,380.785
1977.75,PS-UNA,BET,1.144
1977.75,PS-UNA,SKJ,100.355
1978,PS-UNA,BET,12.385
1978,PS-UNA,SKJ,245.29399999999998
1978.25,PS-UNA,BET,0.043
1978.25,PS-UNA,SKJ,44.054
1978.5,PS-UNA,BET,0.856
1978.5,PS-UNA,SKJ,240.894
1978.75,PS-UNA,BET,0.09799999999999999
1978.75,PS-UNA,SKJ,7.819
1979,PS-UNA,BET,2.638
1979,PS-UNA,SKJ,207.531
1979.25,PS-UNA,BET,2.205
1979.25,PS-UNA,SKJ,206.678
1979.5,PS-UNA,BET,19.495
1979.5,PS-UNA,SKJ,2068.022
1979.75,PS-UNA,BET,32.104
1979.75,PS-UNA,SKJ,2725.845
1980,PS-UNA,BET,49.241
1980,PS-UNA,SKJ,2629.317
1980.25,PS-UNA,BET,8.962
1980.25,PS-UNA,SKJ,1180.515
1980.5,PS-UNA,BET,13.362
1980.5,PS-UNA,SKJ,1867.613
1980.75,PS-UNA,BET,5.102
1980.75,PS-UNA,SKJ,684.4399999999999
1981,PS-UNA,BET,20.045
1981,PS-UNA,SKJ,1364.48
1981.25,PS-UNA,BET,17.927
1981.25,PS-UNA,SKJ,887.808
1981.5,PS-UNA,BET,44.996
1981.5,PS-UNA,SKJ,2724.8129999999996
1981.75,PS-UNA,BET,49.143
1981.75,PS-UNA,SKJ,2592.9829999999997
1982,PS-UNA,BET,135.149
1982,PS-UNA,SKJ,5970.43
1982.25,PS-UNA,BET,52.568
1982.25,PS-UNA,SKJ,4675.219
1982.5,PS-UNA,BET,93.797
1982.5,PS-UNA,SKJ,5041.872
1982.75,PS-UNA,BET,123.398
1982.75,PS-UNA,SKJ,4795.1900000000005
1983,PS-UNA,BET,276.882
1983,PS-UNA,SKJ,14379.354
1983.25,PS-UNA,BET,194.961
1983.25,PS-UNA,SKJ,21139.041
1983.5,PS-UNA,BET,198.827
1983.5,PS-UNA,SKJ,11554.955
1983.75,PS-UNA,BET,271.384
1983.75,PS-UNA,SKJ,19562.99
1984,PS-UNA,BET,268.226
1984,PS-UNA,SKJ,25382.889
1984.25,PS-UNA,BET,169.365
1984.25,PS-UNA,SKJ,27777.818
1984.5,PS-UNA,BET,334.78000000000003
1984.5,PS-UNA,SKJ,20795.997
1984.75,PS-UNA,BET,250.46699999999998
1984.75,PS-UNA,SKJ,13630.854
1985,PS-UNA,BET,387.356
1985,PS-UNA,SKJ,23390.51
1985.25,PS-UNA,BET,182.588
1985.25,PS-UNA,SKJ,14981.451
1985.5,PS-UNA,BET,144.21099999999998
1985.5,PS-UNA,SKJ,11788.931
1985.75,PS-UNA,BET,253.832
1985.75,PS-UNA,SKJ,13785.724
1986,PS-UNA,BET,224.993
1986,PS-UNA,SKJ,11264.514000000001
1986.25,PS-UNA,BET,261.133
1986.25,PS-UNA,SKJ,29019.771
1986.5,PS-UNA,BET,187.321
1986.5,PS-UNA,SKJ,15871.9
1986.75,PS-UNA,BET,492.988
1986.75,PS-UNA,SKJ,19873.717
1987,PS-UNA,BET,689.253
1987,PS-UNA,SKJ,34501.571
1987.25,PS-UNA,BET,311.819
1987.25,PS-UNA,SKJ,23474.831
1987.5,PS-UNA,BET,338.32800000000003
1987.5,PS-UNA,SKJ,14193.911
1987.75,PS-UNA,BET,179.691
1987.75,PS-UNA,SKJ,7603.531
1988,PS-UNA,BET,178.026
1988,PS-UNA,SKJ,12553.262
1988.25,PS-UNA,BET,219.018
1988.25,PS-UNA,SKJ,27787.394
1988.5,PS-UNA,BET,440.359
1988.5,PS-UNA,SKJ,47558.547999999995
1988.75,PS-UNA,BET,503.323
1988.75,PS-UNA,SKJ,48625.125
1989,PS-UNA,BET,751.8810000000001
1989,PS-UNA,SKJ,62387.649999999994
1989.25,PS-UNA,BET,363.513
1989.25,PS-UNA,SKJ,32202.141
1989.5,PS-UNA,BET,925.853
1989.5,PS-UNA,SKJ,34111.208
1989.75,PS-UNA,BET,592.645
1989.75,PS-UNA,SKJ,27780.761
1990,PS-UNA,BET,525.499
1990,PS-UNA,SKJ,34023.604
1990.25,PS-UNA,BET,610.871
1990.25,PS-UNA,SKJ,34984.065
1990.5,PS-UNA,BET,914.475
1990.5,PS-UNA,SKJ,49190.388
1990.75,PS-UNA,BET,619.687
1990.75,PS-UNA,SKJ,42305.532
1991,PS-UNA,BET,1535.778
1991,PS-UNA,SKJ,82872.621
1991.25,PS-UNA,BET,1492.8700000000001
1991.25,PS-UNA,SKJ,98043.943
1991.5,PS-UNA,BET,517.477
1991.5,PS-UNA,SKJ,92044.235
1991.75,PS-UNA,BET,807.403
1991.75,PS-UNA,SKJ,58832.261999999995
1992,PS-UNA,BET,870.221
1992,PS-UNA,SKJ,34553.837
1992.25,PS-UNA,BET,932.3919999999999
1992.25,PS-UNA,SKJ,88408.066
1992.5,PS-UNA,BET,1156.2740000000001
1992.5,PS-UNA,SKJ,73480.766
1992.75,PS-UNA,BET,1026.034
1992.75,PS-UNA,SKJ,70142.839
1993,PS-UNA,BET,1067.7
1993,PS-UNA,SKJ,60714.735
1993.25,PS-UNA,BET,1316.556
1993.25,PS-UNA,SKJ,75342.311
1993.5,PS-UNA,BET,1268.629
1993.5,PS-UNA,SKJ,70597.89
1993.75,PS-UNA,BET,1099.622
1993.75,PS-UNA,SKJ,58391.186
1994,PS-UNA,BET,632.224
1994,PS-UNA,SKJ,51496.958
1994.25,PS-UNA,BET,978.243
1994.25,PS-UNA,SKJ,83758.109
1994.5,PS-UNA,BET,1386.39
1994.5,PS-UNA,SKJ,93377.86
1994.75,PS-UNA,BET,1436.893
1994.75,PS-UNA,SKJ,91174.98
1995,PS-UNA,BET,1713.645
1995,PS-UNA,SKJ,135302.807
1995.25,PS-UNA,BET,542.993
1995.25,PS-UNA,SKJ,56293.99
1995.5,PS-UNA,BET,1012.236
1995.5,PS-UNA,SKJ,64943.569
1995.75,PS-UNA,BET,1869.621
1995.75,PS-UNA,SKJ,82979.593
1996,PS-UNA,BET,1916.703
1996,PS-UNA,SKJ,66540.264
1996.25,PS-UNA,BET,1404.651
1996.25,PS-UNA,SKJ,82851.503
1996.5,PS-UNA,BET,951.921
1996.5,PS-UNA,SKJ,61605.547
1996.75,PS-UNA,BET,928.7669999999999
1996.75,PS-UNA,SKJ,51611.029
1997,PS-UNA,BET,2400.441
1997,PS-UNA,SKJ,49939.75
1997.25,PS-UNA,BET,1013.308
1997.25,PS-UNA,SKJ,38681.775
1997.5,PS-UNA,BET,1775.8249999999998
1997.5,PS-UNA,SKJ,90254.193
1997.75,PS-UNA,BET,1912.362
1997.75,PS-UNA,SKJ,32511.566
1998,PS-UNA,BET,1595.682
1998,PS-UNA,SKJ,35342.089
1998.25,PS-UNA,BET,1398.105
1998.25,PS-UNA,SKJ,85458.507
1998.5,PS-UNA,BET,3042.601
1998.5,PS-UNA,SKJ,125180.739
1998.75,PS-UNA,BET,2113.333
1998.75,PS-UNA,SKJ,62687.164
1999,PS-UNA,BET,484.64799999999997
1999,PS-UNA,SKJ,63819.154
1999.25,PS-UNA,BET,376.306
1999.25,PS-UNA,SKJ,35595.027
1999.5,PS-UNA,BET,319.723
1999.5,PS-UNA,SKJ,50968.334
1999.75,PS-UNA,BET,758.871
1999.75,PS-UNA,SKJ,44136.791
2000,PS-UNA,BET,768.964
2000,PS-UNA,SKJ,83645.106
2000.25,PS-UNA,BET,322.806
2000.25,PS-UNA,SKJ,93557.558
2000.5,PS-UNA,BET,251.60600000000002
2000.5,PS-UNA,SKJ,94726.949
2000.75,PS-UNA,BET,574.521
2000.75,PS-UNA,SKJ,52507.712
2001,PS-UNA,BET,1889.533
2001,PS-UNA,SKJ,72878.515
2001.25,PS-UNA,BET,1899.2060000000001
2001.25,PS-UNA,SKJ,126824.802
2001.5,PS-UNA,BET,1718.702
2001.5,PS-UNA,SKJ,104192.26
2001.75,PS-UNA,BET,2460.22
2001.75,PS-UNA,SKJ,66536.96
2002,PS-UNA,BET,1739.86
2002,PS-UNA,SKJ,45500.485
2002.25,PS-UNA,BET,1779.8439999999998
2002.25,PS-UNA,SKJ,92448.729
2002.5,PS-UNA,BET,2354.308
2002.5,PS-UNA,SKJ,135225.913
2002.75,PS-UNA,BET,2758.317
2002.75,PS-UNA,SKJ,166745.247
2003,PS-UNA,BET,2452.37
2003,PS-UNA,SKJ,163727.506
2003.25,PS-UNA,BET,1438.366
2003.25,PS-UNA,SKJ,143442.654
2003.5,PS-UNA,BET,1259.947
2003.5,PS-UNA,SKJ,97729.382
2003.75,PS-UNA,BET,708.646
2003.75,PS-UNA,SKJ,41538.443
2004,PS-UNA,BET,554.4069999999999
2004,PS-UNA,SKJ,45724.639
2004.25,PS-UNA,BET,606.148
2004.25,PS-UNA,SKJ,57047.855
2004.5,PS-UNA,BET,1797.1119999999999
2004.5,PS-UNA,SKJ,68686.382
2004.75,PS-UNA,BET,1184.861
2004.75,PS-UNA,SKJ,43773.107
2005,PS-UNA,BET,690.927
2005,PS-UNA,SKJ,77661.204
2005.25,PS-UNA,BET,917.478
2005.25,PS-UNA,SKJ,142652.90899999999
2005.5,PS-UNA,BET,2571.997
2005.5,PS-UNA,SKJ,135256.853
2005.75,PS-UNA,BET,1670.482
2005.75,PS-UNA,SKJ,71213.931
2006,PS-UNA,BET,1179.756
2006,PS-UNA,SKJ,75314.215
2006.25,PS-UNA,BET,682.808
2006.25,PS-UNA,SKJ,84757.468
2006.5,PS-UNA,BET,920.935
2006.5,PS-UNA,SKJ,119375.764
2006.75,PS-UNA,BET,1147.122
2006.75,PS-UNA,SKJ,51386.368
2007,PS-UNA,BET,853.646
2007,PS-UNA,SKJ,70807.359
2007.25,PS-UNA,BET,525.825
2007.25,PS-UNA,SKJ,104673.69
2007.5,PS-UNA,BET,655.977
2007.5,PS-UNA,SKJ,142347.364
2007.75,PS-UNA,BET,1495.967
2007.75,PS-UNA,SKJ,129922.465
2008,PS-UNA,BET,601.852
2008,PS-UNA,SKJ,87464.796
2008.25,PS-UNA,BET,549.349
2008.25,PS-UNA,SKJ,124932.53
2008.5,PS-UNA,BET,515.867
2008.5,PS-UNA,SKJ,130300.941
2008.75,PS-UNA,BET,2371.602
2008.75,PS-UNA,SKJ,86224.878
2009,PS-UNA,BET,408.022
2009,PS-UNA,SKJ,68203.774
2009.25,PS-UNA,BET,669.358
2009.25,PS-UNA,SKJ,107490.76
2009.5,PS-UNA,BET,1749.2859999999998
2009.5,PS-UNA,SKJ,206202.68300000002
2009.75,PS-UNA,BET,1282.9470000000001
2009.75,PS-UNA,SKJ,97154.848
2010,PS-UNA,BET,1904.964
2010,PS-UNA,SKJ,79303.415
2010.25,PS-UNA,BET,1438.8120000000001
2010.25,PS-UNA,SKJ,187654.069
2010.5,PS-UNA,BET,2887.9320000000002
2010.5,PS-UNA,SKJ,263926.37200000003
2010.75,PS-UNA,BET,2328.551
2010.75,PS-UNA,SKJ,160395.148
2011,PS-UNA,BET,657.26
2011,PS-UNA,SKJ,122499.421
2011.25,PS-UNA,BET,417.041
2011.25,PS-UNA,SKJ,86862.698
2011.5,PS-UNA,BET,1385.932
2011.5,PS-UNA,SKJ,138405.956
2011.75,PS-UNA,BET,1238.55
2011.75,PS-UNA,SKJ,79161.794
2012,PS-UNA,BET,1470.998
2012,PS-UNA,SKJ,146693.236
2012.25,PS-UNA,BET,1821.006
2012.25,PS-UNA,SKJ,150634.924
2012.5,PS-UNA,BET,3032.88
2012.5,PS-UNA,SKJ,252912.769
2012.75,PS-UNA,BET,2490.014
2012.75,PS-UNA,SKJ,121062.438
